Car,Url,Price
"Acura MDX I, 7 мест",https://cars.av.by/acura/mdx/110142219,11023
Acura TL III,https://cars.av.by/acura/tl/110411628,18581
"Acura MDX I, 7 мест",https://cars.av.by/acura/mdx/110386886,20470
"Acura MDX I, 7 мест",https://cars.av.by/acura/mdx/110380001,24561
Acura TSX I,https://cars.av.by/acura/tsx/107047785,25824
Acura TSX I,https://cars.av.by/acura/tsx/110379960,26139
Acura RDX I · Рестайлинг,https://cars.av.by/acura/rdx/110379828,28029
Acura TSX I,https://cars.av.by/acura/tsx/110180434,29392
Acura TSX II,https://cars.av.by/acura/tsx/109148242,29918
Acura RDX I,https://cars.av.by/acura/rdx/109343432,29918
Acura TSX I,https://cars.av.by/acura/tsx/110380609,30863
Acura TSX II,https://cars.av.by/acura/tsx/109428886,31140
Acura TSX II,https://cars.av.by/acura/tsx/100994111,33383
Acura ILX I,https://cars.av.by/acura/ilx/109708460,33698
"Acura MDX II, 7 мест",https://cars.av.by/acura/mdx/103093681,34642
"Acura MDX II, 7 мест",https://cars.av.by/acura/mdx/108961451,38421
"Acura MDX II, 7 мест",https://cars.av.by/acura/mdx/109621548,38736
"Acura MDX II, 7 мест",https://cars.av.by/acura/mdx/107664244,39366
"Acura MDX II, 7 мест",https://cars.av.by/acura/mdx/109423928,40783
"Acura MDX II, 7 мест",https://cars.av.by/acura/mdx/100715989,40941
"Acura MDX II, 7 мест",https://cars.av.by/acura/mdx/108357377,42043
Acura ILX I,https://cars.av.by/acura/ilx/109630033,42201
Acura TL IV,https://cars.av.by/acura/tl/109185697,42201
Acura RDX I · Рестайлинг,https://cars.av.by/acura/rdx/108640327,42358
"Acura MDX II, 7 мест",https://cars.av.by/acura/mdx/104915189,43933
Acura RDX I · Рестайлинг,https://cars.av.by/acura/rdx/106382926,44090
Acura RDX I · Рестайлинг,https://cars.av.by/acura/rdx/103491502,45035
Acura TLX I,https://cars.av.by/acura/tlx/110448484,51963
Acura ZDX,https://cars.av.by/acura/zdx/109922527,52137
Acura MDX II · Рестайлинг,https://cars.av.by/acura/mdx/101378066,55113
Acura ILX I · 2-й рестайлинг,https://cars.av.by/acura/ilx/107039143,58262
Acura TLX I,https://cars.av.by/acura/tlx/108351408,58577
Acura TLX I,https://cars.av.by/acura/tlx/105176008,59837
Acura TLX I · Рестайлинг,https://cars.av.by/acura/tlx/104687835,61411
Acura ILX I · 2-й рестайлинг,https://cars.av.by/acura/ilx/109137323,68340
"Acura MDX III, 7 мест",https://cars.av.by/acura/mdx/109320248,69281
"Acura MDX III, 7 мест",https://cars.av.by/acura/mdx/110439731,70856
Acura TLX I · Рестайлинг,https://cars.av.by/acura/tlx/110221816,70859
Acura ILX I · Рестайлинг,https://cars.av.by/acura/ilx/110136410,70859
Acura ILX I · 2-й рестайлинг,https://cars.av.by/acura/ilx/109158781,72434
Acura RDX II · Рестайлинг,https://cars.av.by/acura/rdx/108277663,78418
Acura RDX III,https://cars.av.by/acura/rdx/109621131,88177
Acura TLX II,https://cars.av.by/acura/tlx/107287966,91330
Acura Integra IV,https://cars.av.by/acura/integra/110321801,91330
Acura Integra IV,https://cars.av.by/acura/integra/110433032,94164
Acura TLX II,https://cars.av.by/acura/tlx/110439940,94322
"Acura MDX III · 2-й рестайлинг, 7 мест",https://cars.av.by/acura/mdx/107217408,94385
Acura RDX III,https://cars.av.by/acura/rdx/106855193,94479
Acura RDX III,https://cars.av.by/acura/rdx/109287380,94479
Acura RDX III,https://cars.av.by/acura/rdx/110399976,95424
Acura TLX II,https://cars.av.by/acura/tlx/107416912,99203
Acura Integra IV,https://cars.av.by/acura/integra/109291376,100463
Acura TLX II,https://cars.av.by/acura/tlx/108417623,100778
Acura TLX II,https://cars.av.by/acura/tlx/107480084,100778
Acura RDX III,https://cars.av.by/acura/rdx/108357609,102352
Acura RDX III,https://cars.av.by/acura/rdx/109910369,103612
Acura TLX II,https://cars.av.by/acura/tlx/110440280,105502
Acura RDX III,https://cars.av.by/acura/rdx/104280825,105502
Acura TLX II,https://cars.av.by/acura/tlx/109429997,105816
"Acura MDX III · 2-й рестайлинг, 7 мест",https://cars.av.by/acura/mdx/104112574,106446
Acura RDX III,https://cars.av.by/acura/rdx/100811580,110226
Acura TLX II,https://cars.av.by/acura/tlx/109439353,110226
Acura TLX II,https://cars.av.by/acura/tlx/108446896,110226
Acura RDX III,https://cars.av.by/acura/rdx/110136992,111800
Acura TLX II,https://cars.av.by/acura/tlx/110353727,113060
Acura RDX III,https://cars.av.by/acura/rdx/110406040,113375
Acura TLX II,https://cars.av.by/acura/tlx/110372698,113375
Acura RDX III,https://cars.av.by/acura/rdx/101964526,121248
Acura RDX III · Рестайлинг,https://cars.av.by/acura/rdx/108254810,122508
"Acura MDX III · 2-й рестайлинг, 7 мест",https://cars.av.by/acura/mdx/102191065,122508
Acura RDX III,https://cars.av.by/acura/rdx/104349898,123767
Acura RDX III · Рестайлинг,https://cars.av.by/acura/rdx/107416798,137624
"Acura MDX 4 поколение, 7 мест",https://cars.av.by/acura/mdx/104666965,151166
